CustomerID,Annual Income (k$),Spending Score (1-100)
CUST-1203,58.6,55.6
CUST-1266,65.4,29.6
CUST-1152,121.8,89.7
CUST-1009,40.4,24.4
CUST-1233,66.6,37.9
CUST-1226,46.4,33.7
CUST-1196,103.5,66.6
CUST-1109,147.8,80.2
CUST-1005,32.7,28.2
CUST-1175,96.9,75.1
CUST-1237,41.4,46.2
CUST-1057,31.9,28.8
CUST-1218,72.2,51.0
CUST-1045,27.8,31.3
CUST-1182,113.8,62.9
CUST-1221,79.1,55.4
CUST-1289,68.6,41.4
CUST-1211,44.5,49.5
CUST-1148,116.5,75.5
CUST-1165,71.3,78.4
CUST-1078,35.9,22.9
CUST-1113,99.8,89.3
CUST-1249,45.3,44.0
CUST-1250,57.2,50.9
CUST-1104,69.3,81.8
CUST-1042,33.8,12.1
CUST-1281,46.5,45.8
CUST-1295,64.5,44.9
CUST-1157,79.4,79.4
CUST-1238,37.6,60.1
CUST-1017,38.1,15.7
CUST-1164,86.2,88.2
CUST-1033,24.4,28.8
CUST-1024,29.6,29.7
CUST-1215,49.0,57.6
CUST-1119,91.2,80.8
CUST-1007,42.7,26.4
CUST-1090,36.0,21.4
CUST-1046,30.4,15.1
CUST-1073,50.6,27.7
CUST-1093,31.7,15.0
CUST-1076,35.9,25.1
CUST-1286,50.2,45.4
CUST-1060,30.2,17.2
CUST-1077,32.0,36.6
CUST-1063,23.0,18.4
CUST-1234,76.0,43.5
CUST-1229,36.9,41.0
CUST-1111,107.0,91.9
CUST-1231,33.5,33.4
CUST-1180,91.7,74.4
CUST-1144,72.0,77.8
CUST-1239,57.3,44.2
CUST-1075,43.2,31.6
CUST-1297,55.7,40.2
CUST-1278,94.9,35.2
CUST-1097,37.6,26.2
CUST-1092,28.0,26.7
CUST-1192,81.2,70.1
CUST-1025,36.1,42.5
CUST-1232,54.8,49.3
CUST-1059,44.8,30.3
CUST-1006,50.8,40.1
CUST-1185,60.7,83.4
CUST-1173,90.2,90.6
CUST-1030,29.0,12.6
CUST-1022,35.7,36.2
CUST-1256,56.7,45.1
CUST-1056,26.6,39.9
CUST-1186,87.7,85.1
CUST-1108,97.7,86.9
CUST-1126,91.0,92.4
CUST-1230,43.8,56.4
CUST-1193,102.7,98.5
CUST-1129,100.2,87.7
CUST-1282,38.7,56.3
CUST-1082,49.8,16.4
CUST-1084,26.9,23.2
CUST-1066,34.3,31.6
CUST-1288,78.2,58.3
CUST-1163,74.6,85.6
CUST-1154,67.2,81.8
CUST-1019,20.9,31.0
CUST-1124,82.9,72.9
CUST-1079,15.1,46.8
CUST-1114,85.3,93.7
CUST-1118,82.7,84.9
CUST-1072,34.6,24.4
CUST-1015,29.4,27.4
CUST-1010,30.4,9.6
CUST-1194,95.4,92.6
CUST-1101,98.4,77.0
CUST-1068,38.6,23.0
CUST-1224,65.7,42.4
CUST-1037,15.4,22.4
CUST-1016,24.9,24.7
CUST-1179,84.2,74.7
CUST-1147,80.2,69.3
CUST-1274,77.7,58.3
CUST-1067,45.0,40.2
CUST-1228,70.7,52.6
CUST-1069,28.5,19.0
CUST-1031,53.5,25.5
CUST-1183,71.4,77.3
CUST-1265,55.3,45.9
CUST-1225,74.4,32.0
CUST-1140,78.1,74.6
CUST-1018,25.9,34.1
CUST-1181,99.9,76.6
CUST-1096,38.0,17.9
CUST-1132,90.7,82.7
CUST-1262,49.6,58.7
CUST-1086,44.2,28.8
CUST-1248,51.8,53.7
CUST-1245,66.0,42.0
CUST-1116,78.4,88.1
CUST-1146,82.9,69.0
CUST-1292,58.9,54.8
CUST-1197,94.6,94.2
CUST-1206,45.2,44.1
CUST-1055,44.3,19.3
CUST-1172,107.4,95.1
CUST-1184,122.0,75.2
CUST-1167,68.5,82.1
CUST-1139,102.8,76.9
CUST-1253,64.0,52.5
CUST-1038,21.7,31.5
CUST-1125,106.3,71.1
CUST-1195,79.6,77.8
CUST-1283,60.4,72.7
CUST-1137,92.8,79.1
CUST-1112,104.3,89.4
CUST-1168,83.4,82.9
CUST-1117,86.4,79.2
CUST-1277,61.7,57.7
CUST-1271,30.4,66.8
CUST-1155,82.7,73.0
CUST-1176,93.0,89.9
CUST-1178,91.0,100.0
CUST-1002,41.5,22.3
CUST-1115,101.4,82.2
CUST-1143,103.0,77.4
CUST-1177,81.0,83.7
CUST-1120,124.7,82.9
CUST-1210,66.5,52.7
CUST-1260,81.6,52.9
CUST-1127,73.8,89.1
CUST-1074,15.0,27.2
CUST-1029,32.1,21.0
CUST-1083,29.8,28.9
CUST-1269,51.1,46.5
CUST-1107,97.7,76.7
CUST-1223,69.7,55.7
CUST-1158,96.7,84.9
CUST-1280,56.5,53.4
CUST-1246,62.4,55.8
CUST-1222,55.0,43.4
CUST-1065,48.6,28.3
CUST-1198,102.2,81.0
CUST-1085,30.0,30.7
CUST-1213,73.3,40.9
CUST-1159,101.6,74.6
CUST-1012,37.4,25.5
CUST-1035,22.8,37.4
CUST-1028,29.0,25.8
CUST-1142,97.6,84.2
CUST-1284,48.9,51.8
CUST-1254,51.6,53.4
CUST-1170,111.6,82.2
CUST-1051,31.1,27.8
CUST-1095,20.4,28.1
CUST-1208,59.4,50.5
CUST-1247,46.7,48.0
CUST-1041,36.7,35.5
CUST-1089,40.1,12.9
CUST-1244,42.3,25.3
CUST-1136,59.6,74.6
CUST-1026,23.5,17.1
CUST-1293,47.7,53.3
CUST-1141,88.3,84.2
CUST-1200,38.9,59.3
CUST-1000,40.0,13.7
CUST-1268,51.6,31.3
CUST-1272,39.8,53.3
CUST-1100,95.4,74.5
CUST-1259,43.6,45.8
CUST-1255,48.5,45.9
CUST-1171,68.5,86.5
CUST-1098,35.1,25.5
CUST-1036,37.1,18.7
CUST-1061,33.1,31.3
CUST-1150,71.1,84.8
CUST-1236,77.5,41.4
CUST-1202,58.1,36.0
CUST-1242,33.2,55.3
CUST-1011,30.3,24.8
CUST-1296,45.6,47.3
CUST-1267,67.1,39.9
CUST-1027,38.8,20.5
CUST-1219,58.8,57.5
CUST-1004,32.7,23.7
CUST-1122,100.3,74.6
CUST-1032,34.9,16.5
CUST-1204,52.6,43.5
CUST-1162,41.4,81.0
CUST-1209,64.2,41.7
CUST-1285,40.9,52.5
CUST-1138,80.1,85.7
CUST-1062,23.9,34.3
CUST-1135,99.5,80.7
CUST-1128,79.3,87.6
CUST-1290,57.9,50.7
CUST-1008,30.3,27.1
CUST-1070,38.6,17.9
CUST-1264,56.7,62.0
CUST-1064,43.1,32.7
CUST-1044,20.2,27.1
CUST-1279,71.4,61.4
CUST-1156,109.0,81.8
CUST-1040,42.4,26.8
CUST-1123,65.8,100.0
CUST-1275,55.0,27.9
CUST-1216,76.6,55.0
CUST-1153,105.5,80.6
CUST-1023,20.8,13.8
CUST-1261,58.4,70.8
CUST-1110,98.6,80.0
CUST-1081,38.6,18.1
CUST-1207,56.3,41.4
CUST-1212,39.6,47.6
CUST-1039,37.0,15.2
CUST-1240,62.6,58.4
CUST-1291,75.8,45.2
CUST-1258,51.4,53.9
CUST-1199,99.4,93.1
CUST-1014,17.8,23.5
CUST-1047,45.6,14.4
CUST-1094,31.1,26.4
CUST-1263,60.6,46.7
CUST-1227,66.2,50.5
CUST-1273,74.4,47.8
CUST-1201,50.8,69.1
CUST-1161,89.1,95.8
CUST-1043,32.0,26.5
CUST-1217,59.4,40.2
CUST-1145,85.0,84.1
CUST-1190,86.9,73.9
CUST-1220,82.7,33.3
CUST-1251,69.5,48.4
CUST-1003,50.2,18.6
CUST-1105,75.9,83.1
CUST-1053,41.1,26.9
CUST-1133,80.2,75.9
CUST-1001,33.6,21.6
CUST-1131,93.2,73.9
CUST-1103,105.8,87.5
CUST-1049,17.4,27.4
CUST-1080,32.8,30.0
CUST-1205,65.5,45.1
CUST-1034,43.2,17.6
CUST-1091,44.7,31.9
CUST-1052,28.2,19.6
CUST-1241,57.6,38.7
CUST-1013,15.9,44.7
CUST-1088,29.7,18.2
CUST-1166,114.5,84.0
CUST-1294,76.3,60.4
CUST-1134,122.2,90.8
CUST-1287,45.0,41.5
CUST-1243,56.9,64.4
CUST-1054,45.3,27.3
CUST-1050,38.2,27.0
CUST-1174,75.3,100.0
CUST-1189,80.7,76.8
CUST-1298,47.5,45.6
CUST-1187,98.8,98.9
CUST-1169,92.0,75.0
CUST-1058,38.3,15.5
CUST-1048,38.4,29.2
CUST-1235,58.9,50.5
CUST-1252,46.2,61.7
CUST-1021,32.7,17.7
CUST-1160,76.1,86.7
CUST-1276,64.9,52.4
CUST-1191,82.6,86.4
CUST-1257,45.6,45.7
CUST-1149,96.1,80.1
CUST-1130,79.0,81.9
CUST-1151,103.8,95.3
CUST-1099,32.7,15.9
CUST-1087,38.3,24.4
CUST-1214,62.0,44.2
CUST-1121,62.0,87.4
CUST-1299,41.4,53.8
CUST-1020,49.7,31.3
CUST-1188,94.2,90.6
CUST-1071,50.4,18.5
CUST-1106,97.7,93.5
CUST-1270,54.7,50.2
CUST-1102,106.2,88.7
